--
-- PostgreSQL database dump
--

-- Dumped from database version 15.3
-- Dumped by pg_dump version 15.3

SET statement_timeout = 0;
SET lock_timeout = 0;
SET idle_in_transaction_session_timeout = 0;
SET client_encoding = 'UTF8';
SET standard_conforming_strings = on;
SELECT pg_catalog.set_config('search_path', '', false);
SET check_function_bodies = false;
SET xmloption = content;
SET client_min_messages = warning;
SET row_security = off;

--
-- Name: color; Type: TYPE; Schema: public; Owner: postgres
--

CREATE TYPE public.color AS (
	red integer,
	green integer,
	blue integer
);


ALTER TYPE public.color OWNER TO postgres;

--
-- Name: repeat; Type: TYPE; Schema: public; Owner: postgres
--

CREATE TYPE public.repeat AS ENUM (
    'Daily',
    'Weekly',
    'Monthly',
    'Yearly'
);


ALTER TYPE public.repeat OWNER TO postgres;

--
-- Name: status; Type: TYPE; Schema: public; Owner: postgres
--

CREATE TYPE public.status AS ENUM (
    'Failed',
    'In progress',
    'Done'
);


ALTER TYPE public.status OWNER TO postgres;

SET default_tablespace = '';

SET default_table_access_method = heap;

--
-- Name: CompletedTasks; Type: TABLE; Schema: public; Owner: postgres
--

CREATE TABLE public."CompletedTasks" (
    "Id" integer NOT NULL,
    "Taskid" integer NOT NULL,
    "Day" timestamp with time zone NOT NULL,
    "Status" integer NOT NULL
);


ALTER TABLE public."CompletedTasks" OWNER TO postgres;

--
-- Name: CompletedTasks_Id_seq; Type: SEQUENCE; Schema: public; Owner: postgres
--

ALTER TABLE public."CompletedTasks" ALTER COLUMN "Id" ADD GENERATED BY DEFAULT AS IDENTITY (
    SEQUENCE NAME public."CompletedTasks_Id_seq"
    START WITH 1
    INCREMENT BY 1
    NO MINVALUE
    NO MAXVALUE
    CACHE 1
);


--
-- Name: DiaryTask; Type: TABLE; Schema: public; Owner: postgres
--

CREATE TABLE public."DiaryTask" (
    "Id" integer NOT NULL,
    "Name" text NOT NULL,
    "Starttime" timestamp with time zone NOT NULL,
    "Endtime" timestamp with time zone NOT NULL,
    "Comment" text,
    "Typeid" integer NOT NULL,
    "Repeat" smallint NOT NULL
);


ALTER TABLE public."DiaryTask" OWNER TO postgres;

--
-- Name: DiaryTask_Id_seq; Type: SEQUENCE; Schema: public; Owner: postgres
--

ALTER TABLE public."DiaryTask" ALTER COLUMN "Id" ADD GENERATED BY DEFAULT AS IDENTITY (
    SEQUENCE NAME public."DiaryTask_Id_seq"
    START WITH 1
    INCREMENT BY 1
    NO MINVALUE
    NO MAXVALUE
    CACHE 1
);


--
-- Name: TaskTypes; Type: TABLE; Schema: public; Owner: postgres
--

CREATE TABLE public."TaskTypes" (
    "Id" integer NOT NULL,
    "Name" text NOT NULL,
    "Color" text NOT NULL
);


ALTER TABLE public."TaskTypes" OWNER TO postgres;

--
-- Name: TaskTypes_Id_seq; Type: SEQUENCE; Schema: public; Owner: postgres
--

ALTER TABLE public."TaskTypes" ALTER COLUMN "Id" ADD GENERATED BY DEFAULT AS IDENTITY (
    SEQUENCE NAME public."TaskTypes_Id_seq"
    START WITH 1
    INCREMENT BY 1
    NO MINVALUE
    NO MAXVALUE
    CACHE 1
);


--
-- Name: __EFMigrationsHistory; Type: TABLE; Schema: public; Owner: postgres
--

CREATE TABLE public."__EFMigrationsHistory" (
    "MigrationId" character varying(150) NOT NULL,
    "ProductVersion" character varying(32) NOT NULL
);


ALTER TABLE public."__EFMigrationsHistory" OWNER TO postgres;

--
-- Data for Name: CompletedTasks; Type: TABLE DATA; Schema: public; Owner: postgres
--

COPY public."CompletedTasks" ("Id", "Taskid", "Day", "Status") FROM stdin;
143	66	2023-08-12 16:01:40.96526+03	0
144	66	2023-07-18 16:00:42.185+03	2
145	66	2023-07-22 16:00:42.185+03	2
146	66	2023-08-08 16:01:45.752+03	2
147	66	2023-08-10 16:01:45.752+03	2
148	66	2023-08-01 16:01:45.752+03	2
149	66	2023-08-02 16:01:45.752+03	2
150	66	2023-08-06 16:01:45.752+03	2
151	66	2023-07-27 16:01:45.752+03	2
152	66	2023-07-26 16:01:45.752+03	2
160	74	2023-07-26 16:43:38.368+03	2
161	75	2023-07-29 16:43:38.368+03	2
162	76	2023-07-17 16:45:32.995+03	2
163	76	2023-07-24 16:45:32.995+03	2
164	76	2023-07-31 16:45:32.995+03	2
165	76	2023-08-07 16:45:32.995+03	2
166	77	2023-07-28 16:48:14.784+03	2
167	78	2023-08-03 16:50:13.538+03	2
168	78	2023-08-01 16:50:13.538+03	2
169	78	2023-08-10 16:50:13.538+03	2
170	78	2023-08-12 16:50:13.538+03	2
171	78	2023-08-16 16:50:13.538+03	2
45	31	2023-08-04 18:58:00+03	0
172	78	2023-08-08 16:50:13.538+03	2
173	78	2023-08-09 16:50:13.538+03	2
174	79	2023-07-21 16:51:53.501+03	2
175	66	2023-07-19 07:17:00+03	0
176	66	2023-07-20 07:17:00+03	0
177	66	2023-07-21 07:17:00+03	0
178	66	2023-07-23 07:17:00+03	0
179	66	2023-07-24 07:17:00+03	0
180	66	2023-07-25 07:17:00+03	0
181	66	2023-07-28 07:17:00+03	0
182	66	2023-07-29 07:17:00+03	0
183	66	2023-07-30 07:17:00+03	0
184	66	2023-07-31 07:17:00+03	0
185	66	2023-08-03 07:17:00+03	0
2	2	2023-08-05 18:08:00+03	0
186	66	2023-08-04 07:17:00+03	0
187	66	2023-08-05 07:17:00+03	0
188	66	2023-08-07 07:17:00+03	0
189	66	2023-08-09 07:17:00+03	0
190	66	2023-08-11 07:17:00+03	0
191	77	2023-05-29 23:50:00+03	0
192	77	2023-06-28 23:50:00+03	0
193	78	2023-07-31 18:50:00+03	0
194	78	2023-08-02 18:50:00+03	0
195	78	2023-08-04 18:50:00+03	0
196	78	2023-08-05 18:50:00+03	0
197	78	2023-08-06 18:50:00+03	0
198	78	2023-08-07 18:50:00+03	0
199	78	2023-08-11 18:50:00+03	0
201	66	2023-08-13 00:28:47.620473+03	0
202	78	2023-08-13 00:28:47.693901+03	0
132	31	2023-08-11 18:58:02.184891+03	0
142	31	2023-08-12 01:52:08.967915+03	0
\.


--
-- Data for Name: DiaryTask; Type: TABLE DATA; Schema: public; Owner: postgres
--

COPY public."DiaryTask" ("Id", "Name", "Starttime", "Endtime", "Comment", "Typeid", "Repeat") FROM stdin;
2	Тест бп	2023-08-05 09:08:00+03	2023-08-05 18:08:00+03	без повторений	2	0
31	Тест неделя	2023-08-04 10:58:00+03	2023-08-04 18:58:00+03		1	2
66	Сон	2023-07-18 00:03:00+03	2023-07-18 07:17:00+03		11	1
74	Купить слона	2023-07-26 11:43:00+03	2023-07-26 18:43:00+03		2	0
75	Продать слона	2023-07-29 14:44:00+03	2023-07-29 20:28:00+03		1	0
77	Оплата	2023-05-29 21:30:00+03	2023-05-29 23:50:00+03	Заплатить кучу денег яндексу	8	3
78	Заслуженный отдых	2023-07-31 09:42:00+03	2023-07-31 18:50:00+03		9	1
79	Вынести мусор	2023-07-21 08:51:00+03	2023-07-21 19:52:00+03	Зачем так долго, не знаю	8	0
76	Сдать отчет	2023-07-17 08:45:00+03	2023-07-17 12:46:00+03		1	2
\.


--
-- Data for Name: TaskTypes; Type: TABLE DATA; Schema: public; Owner: postgres
--

COPY public."TaskTypes" ("Id", "Name", "Color") FROM stdin;
1	Важное	#ff0000
2	Тест	#fad900
8	Прошлые	#000000
9	Развлекушки	#17e82f
11	Неважное	#204aac
12	Чщдлвфыьв	#8f3838
\.


--
-- Data for Name: __EFMigrationsHistory; Type: TABLE DATA; Schema: public; Owner: postgres
--

COPY public."__EFMigrationsHistory" ("MigrationId", "ProductVersion") FROM stdin;
20230804181733_Initial	7.0.9
\.


--
-- Name: CompletedTasks_Id_seq; Type: SEQUENCE SET; Schema: public; Owner: postgres
--

SELECT pg_catalog.setval('public."CompletedTasks_Id_seq"', 174, true);


--
-- Name: DiaryTask_Id_seq; Type: SEQUENCE SET; Schema: public; Owner: postgres
--

SELECT pg_catalog.setval('public."DiaryTask_Id_seq"', 79, true);


--
-- Name: TaskTypes_Id_seq; Type: SEQUENCE SET; Schema: public; Owner: postgres
--

SELECT pg_catalog.setval('public."TaskTypes_Id_seq"', 11, true);


--
-- Name: CompletedTasks PK_CompletedTasks; Type: CONSTRAINT; Schema: public; Owner: postgres
--

ALTER TABLE ONLY public."CompletedTasks"
    ADD CONSTRAINT "PK_CompletedTasks" PRIMARY KEY ("Id");


--
-- Name: DiaryTask PK_DiaryTask; Type: CONSTRAINT; Schema: public; Owner: postgres
--

ALTER TABLE ONLY public."DiaryTask"
    ADD CONSTRAINT "PK_DiaryTask" PRIMARY KEY ("Id");


--
-- Name: TaskTypes PK_TaskTypes; Type: CONSTRAINT; Schema: public; Owner: postgres
--

ALTER TABLE ONLY public."TaskTypes"
    ADD CONSTRAINT "PK_TaskTypes" PRIMARY KEY ("Id");


--
-- Name: __EFMigrationsHistory PK___EFMigrationsHistory; Type: CONSTRAINT; Schema: public; Owner: postgres
--

ALTER TABLE ONLY public."__EFMigrationsHistory"
    ADD CONSTRAINT "PK___EFMigrationsHistory" PRIMARY KEY ("MigrationId");

SELECT setval('public."CompletedTasks_Id_seq"', (SELECT MAX("Id") FROM public."CompletedTasks"));
SELECT setval('public."DiaryTask_Id_seq"', (SELECT MAX("Id") FROM public."DiaryTask"));
SELECT setval('public."TaskTypes_Id_seq"', (SELECT MAX("Id") FROM public."TaskTypes"));
--
-- PostgreSQL database dump complete
--

